<?xml version="1.0" encoding="utf-8" ?>
<Defs>

  <ThingDef Name="MoteBase" Abstract="True">
    <thingClass>MoteThrown</thingClass>
    <label>Mote</label>
    <category>Mote</category>
    <graphicData>
      <graphicClass>Graphic_Mote</graphicClass>
      <shaderType>Mote</shaderType>
    </graphicData>
    <altitudeLayer>MoteLow</altitudeLayer>
    <tickerType>Normal</tickerType>
    <useHitPoints>false</useHitPoints>
    <isSaveable>false</isSaveable>
    <rotatable>false</rotatable>
  </ThingDef>
  
  <ThingDef ParentName="MoteBase">
    <defName>Mizu_MoteSprinklerWater</defName>
    <graphicData>
      <texPath>Things/Mizu_SprinklerWater</texPath>
    </graphicData>
    <altitudeLayer>Projectile</altitudeLayer>
    <mote>
      <fadeInTime>0.20</fadeInTime>
      <solidTime>1.5</solidTime>
      <fadeOutTime>0.5</fadeOutTime>
    </mote>
  </ThingDef>
  
  <ThingDef ParentName="MoteBase">
    <defName>Mizu_MoteBucketWater</defName>
    <graphicData>
      <texPath>Things/Mizu_SprinklerWater</texPath>
    </graphicData>
    <altitudeLayer>MoteOverhead</altitudeLayer>
    <mote>
      <solidTime>0.25</solidTime>
      <fadeOutTime>0.25</fadeOutTime>
    </mote>
  </ThingDef>
  
</Defs>
