<?xml version="1.0" encoding="utf-8" ?>
<Defs>

  <!-- Draw Water Base -->
  
  <MizuMod.GetWaterRecipeDef Name="Mizu_DrawWaterBase" Abstract="True">
    <workerCounterClass>MizuMod.RecipeWorkerCounter_DrawWater</workerCounterClass>
    <workSpeedStat>Mizu_DrawingSpeed</workSpeedStat>
    <requiredGiverWorkType>Mizu_Drawing</requiredGiverWorkType>
    <effectWorking>Cook</effectWorking>
    <soundWorking>Recipe_CookMeal</soundWorking>
    <products>
      <Mizu_NormalWater>1</Mizu_NormalWater>
    </products>
  </MizuMod.GetWaterRecipeDef>
  
  
  
  <!-- Draw Water From Terrain -->
  
  <RecipeDef ParentName="Mizu_DrawWaterBase">
    <defName>Mizu_DrawWater</defName>
    <label>draw water at this spot</label>
    <description>Draws water for drinking. the type of water depends on terrain.</description>
    <jobString>Drawing water.</jobString>
    <workAmount>350</workAmount>
    <modExtensions>
      <li Class="MizuMod.DefExtension_WaterRecipe">
        <recipeType>DrawFromTerrain</recipeType>
        <needWaterTerrainTypes>
          <li>RawWater</li>
          <li>MudWater</li>
          <li>SeaWater</li>
        </needWaterTerrainTypes>
        <getItemCount>1</getItemCount>
      </li>
    </modExtensions>
  </RecipeDef>
  
  <RecipeDef ParentName="Mizu_DrawWaterBase">
    <defName>Mizu_DrawWaterMulti</defName>
    <label>draw water x5 at this spot</label>
    <description>Draws water x5 for drinking. the type of water depends on terrain.</description>
    <jobString>Drawing water.</jobString>
    <workAmount>1750</workAmount>
    <modExtensions>
      <li Class="MizuMod.DefExtension_WaterRecipe">
        <recipeType>DrawFromTerrain</recipeType>
        <needWaterTerrainTypes>
          <li>RawWater</li>
          <li>MudWater</li>
          <li>SeaWater</li>
        </needWaterTerrainTypes>
        <getItemCount>5</getItemCount>
      </li>
    </modExtensions>
  </RecipeDef>
  
  
  
  <!-- Draw Water From Water Pool -->
  
  <RecipeDef ParentName="Mizu_DrawWaterBase">
    <defName>Mizu_DrawWaterFromWaterPool</defName>
    <label>draw raw water from underground</label>
    <description>Draws water from underground for drinking</description>
    <jobString>Drawing water from underground.</jobString>
    <workAmount>200</workAmount>
    <modExtensions>
      <li Class="MizuMod.DefExtension_WaterRecipe">
        <recipeType>DrawFromWaterPool</recipeType>
        <needWaterTypes>
          <li>ClearWater</li>
          <li>NormalWater</li>
          <li>RawWater</li>
          <li>MudWater</li>
          <li>SeaWater</li>
        </needWaterTypes>
        <getItemCount>1</getItemCount>
      </li>
    </modExtensions>
  </RecipeDef>
  
  <RecipeDef ParentName="Mizu_DrawWaterBase">
    <defName>Mizu_DrawWaterFromWaterPoolMulti</defName>
    <label>draw water x5 from underground</label>
    <description>Draws water x5 from underground for drinking</description>
    <jobString>Drawing water from underground.</jobString>
    <workAmount>1000</workAmount>
    <modExtensions>
      <li Class="MizuMod.DefExtension_WaterRecipe">
        <recipeType>DrawFromWaterPool</recipeType>
        <needWaterTypes>
          <li>ClearWater</li>
          <li>NormalWater</li>
          <li>RawWater</li>
          <li>MudWater</li>
          <li>SeaWater</li>
        </needWaterTypes>
        <getItemCount>5</getItemCount>
      </li>
    </modExtensions>
  </RecipeDef>
  
  
  
  <!-- Draw Water From Water Net -->
  
  <RecipeDef ParentName="Mizu_DrawWaterBase">
    <defName>Mizu_DrawWaterFromWaterNet</defName>
    <label>draw water from waterworks</label>
    <description>Draws water from waterworks for drinking</description>
    <jobString>Drawing water from waterworks.</jobString>
    <workAmount>70</workAmount>
    <modExtensions>
      <li Class="MizuMod.DefExtension_WaterRecipe">
        <recipeType>DrawFromWaterNet</recipeType>
        <needWaterTypes>
          <li>ClearWater</li>
          <li>NormalWater</li>
          <li>RawWater</li>
          <li>MudWater</li>
          <li>SeaWater</li>
        </needWaterTypes>
        <getItemCount>1</getItemCount>
        <canDrawFromFaucet>true</canDrawFromFaucet>
      </li>
    </modExtensions>
  </RecipeDef>
  
  <RecipeDef ParentName="Mizu_DrawWaterBase">
    <defName>Mizu_DrawWaterFromWaterNetMulti</defName>
    <label>draw water x5 from waterworks</label>
    <description>Draws water x5 from waterworks for drinking</description>
    <jobString>Drawing water from waterworks.</jobString>
    <workAmount>350</workAmount>
    <modExtensions>
      <li Class="MizuMod.DefExtension_WaterRecipe">
        <recipeType>DrawFromWaterNet</recipeType>
        <needWaterTypes>
          <li>ClearWater</li>
          <li>NormalWater</li>
          <li>RawWater</li>
          <li>MudWater</li>
          <li>SeaWater</li>
        </needWaterTypes>
        <getItemCount>5</getItemCount>
        <canDrawFromFaucet>true</canDrawFromFaucet>
      </li>
    </modExtensions>
  </RecipeDef>
  
  
  
  <!-- Draw Water From WaterBox -->
  
  <RecipeDef ParentName="Mizu_DrawWaterBase">
    <defName>Mizu_DrawWaterFromWaterBox</defName>
    <label>draw water from water box</label>
    <description>Draws water from water box for drinking</description>
    <jobString>Drawing water from water box.</jobString>
    <workAmount>350</workAmount>
    <modExtensions>
      <li Class="MizuMod.DefExtension_WaterRecipe">
        <recipeType>DrawFromWaterNet</recipeType>
        <needWaterTypes>
          <li>ClearWater</li>
          <li>NormalWater</li>
          <li>RawWater</li>
          <li>MudWater</li>
          <li>SeaWater</li>
        </needWaterTypes>
        <getItemCount>1</getItemCount>
      </li>
    </modExtensions>
  </RecipeDef>
  
  <RecipeDef ParentName="Mizu_DrawWaterBase">
    <defName>Mizu_DrawWaterFromWaterBoxMulti</defName>
    <label>draw water x5 from water box</label>
    <description>Draws water x5 from water box for drinking</description>
    <jobString>Drawing water from water box.</jobString>
    <workAmount>1750</workAmount>
    <modExtensions>
      <li Class="MizuMod.DefExtension_WaterRecipe">
        <recipeType>DrawFromWaterNet</recipeType>
        <needWaterTypes>
          <li>ClearWater</li>
          <li>NormalWater</li>
          <li>RawWater</li>
          <li>MudWater</li>
          <li>SeaWater</li>
        </needWaterTypes>
        <getItemCount>5</getItemCount>
      </li>
    </modExtensions>
  </RecipeDef>
  
  
  
  <!-- Pour Water -->
  
  <RecipeDef>
    <defName>Mizu_PourWater</defName>
    <label>pour water x5</label>
    <description>pour water x5 to water storing building.</description>
    <jobString>Pouring water.</jobString>
    <workAmount>100</workAmount>
    <workSpeedStat>Mizu_DrawingSpeed</workSpeedStat>
    <requiredGiverWorkType>Mizu_Drawing</requiredGiverWorkType>
    <effectWorking>Cook</effectWorking>
    <soundWorking>Recipe_CookMeal</soundWorking>
    <ingredients>
      <li>
        <filter>
          <categories>
            <li>Mizu_Waters</li>
          </categories>
        </filter>
        <count>5</count>
      </li>
    </ingredients>
    <fixedIngredientFilter>
      <categories>
        <li>Mizu_Waters</li>
      </categories>
    </fixedIngredientFilter>
    <products>
      <Mizu_NormalWater>1</Mizu_NormalWater>
    </products>
    <modExtensions>
      <li Class="MizuMod.DefExtension_WaterRecipe">
        <recipeType>PourWater</recipeType>
      </li>
    </modExtensions>
  </RecipeDef>
  
  <RecipeDef>
    <defName>Mizu_PourWaterMulti</defName>
    <label>pour water x25</label>
    <description>pour water x25 to water storing building.</description>
    <jobString>Pouring water.</jobString>
    <workAmount>500</workAmount>
    <workSpeedStat>Mizu_DrawingSpeed</workSpeedStat>
    <requiredGiverWorkType>Mizu_Drawing</requiredGiverWorkType>
    <effectWorking>Cook</effectWorking>
    <soundWorking>Recipe_CookMeal</soundWorking>
    <ingredients>
      <li>
        <filter>
          <categories>
            <li>Mizu_Waters</li>
          </categories>
        </filter>
        <count>25</count>
      </li>
    </ingredients>
    <fixedIngredientFilter>
      <categories>
        <li>Mizu_Waters</li>
      </categories>
    </fixedIngredientFilter>
    <products>
      <Mizu_NormalWater>1</Mizu_NormalWater>
    </products>
    <modExtensions>
      <li Class="MizuMod.DefExtension_WaterRecipe">
        <recipeType>PourWater</recipeType>
      </li>
    </modExtensions>
  </RecipeDef>
  
  
  
  <!-- Harvest Ice Base -->
  
  <RecipeDef Name="Mizu_HarvestIceBase" Abstract="True">
    <workSpeedStat>Mizu_DrawingSpeed</workSpeedStat>
    <requiredGiverWorkType>Mizu_Drawing</requiredGiverWorkType>
    <effectWorking>Cook</effectWorking>
    <soundWorking>Recipe_CookMeal</soundWorking>
  </RecipeDef>
  
  <!-- Harvest Ice -->
  
  <RecipeDef ParentName="Mizu_HarvestIceBase">
    <defName>Mizu_HarvestIce</defName>
    <label>harvest ice at this spot</label>
    <description>Harvests ice.</description>
    <jobString>Harvesting ice.</jobString>
    <workAmount>700</workAmount>
    <products>
      <Mizu_RawIce>1</Mizu_RawIce>
    </products>
  </RecipeDef>
  
  <RecipeDef ParentName="Mizu_HarvestIceBase">
    <defName>Mizu_HarvestIceMulti</defName>
    <label>harvest ice x5 at this spot</label>
    <description>Harvests ice x5.</description>
    <jobString>Harvesting ice.</jobString>
    <workAmount>3500</workAmount>
    <products>
      <Mizu_RawIce>5</Mizu_RawIce>
    </products>
  </RecipeDef>
  
  <!-- others -->
  
  <RecipeDef>
    <defName>Mizu_PurifyWater</defName>
    <label>filter water</label>
    <description>filter water by using charcoal to product clear water.</description>
    <jobString>Filtering water.</jobString>
    <workAmount>1000</workAmount>
    <workSpeedStat>Mizu_DrawingSpeed</workSpeedStat>
    <requiredGiverWorkType>Mizu_Drawing</requiredGiverWorkType>
    <effectWorking>Cook</effectWorking>
    <soundWorking>Recipe_CookMeal</soundWorking>
    <ingredients>
      <li>
        <filter>
          <thingDefs>
            <li>Mizu_NormalWater</li>
          </thingDefs>
        </filter>
        <count>1</count>
      </li>
      <li>
        <filter>
          <thingDefs>
            <li>WoodLog</li>
          </thingDefs>
        </filter>
        <count>1</count>
      </li>
    </ingredients>
    <fixedIngredientFilter>
      <thingDefs>
        <li>Mizu_NormalWater</li>
        <li>WoodLog</li>
      </thingDefs>
    </fixedIngredientFilter>
    <products>
      <Mizu_ClearWater>1</Mizu_ClearWater>
    </products>
  </RecipeDef>
  
  <RecipeDef>
    <defName>Mizu_BoilRawWater</defName>
    <label>boil raw water</label>
    <description>boil raw water for converting to water.</description>
    <jobString>Boiling raw water.</jobString>
    <workAmount>200</workAmount>
    <workSpeedStat>Mizu_DrawingSpeed</workSpeedStat>
    <requiredGiverWorkType>Mizu_Drawing</requiredGiverWorkType>
    <effectWorking>Cook</effectWorking>
    <soundWorking>Recipe_CookMeal</soundWorking>
    <ingredients>
      <li>
        <filter>
          <thingDefs>
            <li>Mizu_RawWater</li>
            <li>Mizu_RawIce</li>
            <li>Mizu_RawSnow</li>
            <li>Mizu_Snowball</li>
          </thingDefs>
        </filter>
        <count>1</count>
      </li>
    </ingredients>
    <fixedIngredientFilter>
      <thingDefs>
        <li>Mizu_RawWater</li>
        <li>Mizu_RawIce</li>
        <li>Mizu_RawSnow</li>
        <li>Mizu_Snowball</li>
      </thingDefs>
    </fixedIngredientFilter>
    <products>
      <Mizu_NormalWater>1</Mizu_NormalWater>
    </products>
  </RecipeDef>
  
  <RecipeDef>
    <defName>Mizu_PercolateMudWater</defName>
    <label>percolate mud water</label>
    <description>percolate and boil mud water for converting to normal water</description>
    <jobString>Percolating mud water.</jobString>
    <workAmount>400</workAmount>
    <workSpeedStat>Mizu_DrawingSpeed</workSpeedStat>
    <requiredGiverWorkType>Mizu_Drawing</requiredGiverWorkType>
    <effectWorking>Cook</effectWorking>
    <soundWorking>Recipe_CookMeal</soundWorking>
    <ingredients>
      <li>
        <filter>
          <thingDefs>
            <li>Mizu_MudWater</li>
            <li>Mizu_MudIce</li>
          </thingDefs>
        </filter>
        <count>1</count>
      </li>
    </ingredients>
    <fixedIngredientFilter>
      <thingDefs>
        <li>Mizu_MudWater</li>
        <li>Mizu_MudIce</li>
      </thingDefs>
    </fixedIngredientFilter>
    <products>
      <Mizu_NormalWater>1</Mizu_NormalWater>
    </products>
  </RecipeDef>
  
  <RecipeDef>
    <defName>Mizu_DesalinateSeaWater</defName>
    <label>desalinate seawater</label>
    <description>desalinate seawater for converting to water.</description>
    <jobString>Desalinating seawater.</jobString>
    <workAmount>600</workAmount>
    <workSpeedStat>Mizu_DrawingSpeed</workSpeedStat>
    <requiredGiverWorkType>Mizu_Drawing</requiredGiverWorkType>
    <effectWorking>Cook</effectWorking>
    <soundWorking>Recipe_CookMeal</soundWorking>
    <ingredients>
      <li>
        <filter>
          <thingDefs>
            <li>Mizu_SeaWater</li>
            <li>Mizu_SeaIce</li>
          </thingDefs>
        </filter>
        <count>1</count>
      </li>
    </ingredients>
    <fixedIngredientFilter>
      <thingDefs>
        <li>Mizu_SeaWater</li>
        <li>Mizu_SeaIce</li>
      </thingDefs>
    </fixedIngredientFilter>
    <products>
      <Mizu_NormalWater>1</Mizu_NormalWater>
    </products>
  </RecipeDef>
  
  <RecipeDef>
    <defName>Mizu_BottleSnow</defName>
    <label>bottle snow</label>
    <description>bottle snow for preservation.</description>
    <jobString>Bottling snow.</jobString>
    <workAmount>200</workAmount>
    <workSpeedStat>Mizu_DrawingSpeed</workSpeedStat>
    <requiredGiverWorkType>Mizu_Drawing</requiredGiverWorkType>
    <effectWorking>Cook</effectWorking>
    <soundWorking>Recipe_CookMeal</soundWorking>
    <ingredients>
      <li>
        <filter>
          <thingDefs>
            <li>Mizu_Snowball</li>
          </thingDefs>
        </filter>
        <count>1</count>
      </li>
    </ingredients>
    <fixedIngredientFilter>
      <thingDefs>
        <li>Mizu_Snowball</li>
      </thingDefs>
    </fixedIngredientFilter>
    <products>
      <Mizu_RawSnow>1</Mizu_RawSnow>
    </products>
  </RecipeDef>
  
  <RecipeDef>
    <defName>Mizu_PurifyWaterMulti</defName>
    <label>filter water x5</label>
    <description>filter water x5 by using charcoal to product clear water.</description>
    <jobString>Filtering water.</jobString>
    <workAmount>5000</workAmount>
    <workSpeedStat>Mizu_DrawingSpeed</workSpeedStat>
    <requiredGiverWorkType>Mizu_Drawing</requiredGiverWorkType>
    <effectWorking>Cook</effectWorking>
    <soundWorking>Recipe_CookMeal</soundWorking>
    <ingredients>
      <li>
        <filter>
          <thingDefs>
            <li>Mizu_NormalWater</li>
          </thingDefs>
        </filter>
        <count>5</count>
      </li>
      <li>
        <filter>
          <thingDefs>
            <li>WoodLog</li>
          </thingDefs>
        </filter>
        <count>5</count>
      </li>
    </ingredients>
    <fixedIngredientFilter>
      <thingDefs>
        <li>Mizu_NormalWater</li>
        <li>WoodLog</li>
      </thingDefs>
    </fixedIngredientFilter>
    <products>
      <Mizu_ClearWater>5</Mizu_ClearWater>
    </products>
  </RecipeDef>
  
  <RecipeDef>
    <defName>Mizu_BoilRawWaterMulti</defName>
    <label>boil raw water x5</label>
    <description>boil raw water x5 for converting to water.</description>
    <jobString>Boiling raw water.</jobString>
    <workAmount>1000</workAmount>
    <workSpeedStat>Mizu_DrawingSpeed</workSpeedStat>
    <requiredGiverWorkType>Mizu_Drawing</requiredGiverWorkType>
    <effectWorking>Cook</effectWorking>
    <soundWorking>Recipe_CookMeal</soundWorking>
    <ingredients>
      <li>
        <filter>
          <thingDefs>
            <li>Mizu_RawWater</li>
            <li>Mizu_RawIce</li>
            <li>Mizu_RawSnow</li>
            <li>Mizu_Snowball</li>
          </thingDefs>
        </filter>
        <count>5</count>
      </li>
    </ingredients>
    <fixedIngredientFilter>
      <thingDefs>
        <li>Mizu_RawWater</li>
        <li>Mizu_RawIce</li>
        <li>Mizu_RawSnow</li>
        <li>Mizu_Snowball</li>
      </thingDefs>
    </fixedIngredientFilter>
    <products>
      <Mizu_NormalWater>5</Mizu_NormalWater>
    </products>
  </RecipeDef>
  
  <RecipeDef>
    <defName>Mizu_PercolateMudWaterMulti</defName>
    <label>percolate mud water x5</label>
    <description>percolate and boil mud water x5 for converting to normal water</description>
    <jobString>Percolating mud water.</jobString>
    <workAmount>2000</workAmount>
    <workSpeedStat>Mizu_DrawingSpeed</workSpeedStat>
    <requiredGiverWorkType>Mizu_Drawing</requiredGiverWorkType>
    <effectWorking>Cook</effectWorking>
    <soundWorking>Recipe_CookMeal</soundWorking>
    <ingredients>
      <li>
        <filter>
          <thingDefs>
            <li>Mizu_MudWater</li>
            <li>Mizu_MudIce</li>
          </thingDefs>
        </filter>
        <count>5</count>
      </li>
    </ingredients>
    <fixedIngredientFilter>
      <thingDefs>
        <li>Mizu_MudWater</li>
        <li>Mizu_MudIce</li>
      </thingDefs>
    </fixedIngredientFilter>
    <products>
      <Mizu_NormalWater>5</Mizu_NormalWater>
    </products>
  </RecipeDef>
  
  <RecipeDef>
    <defName>Mizu_DesalinateSeaWaterMulti</defName>
    <label>desalinate seawater x5</label>
    <description>desalinate seawater x5 for converting to water.</description>
    <jobString>Desalinating seawater.</jobString>
    <workAmount>3000</workAmount>
    <workSpeedStat>Mizu_DrawingSpeed</workSpeedStat>
    <requiredGiverWorkType>Mizu_Drawing</requiredGiverWorkType>
    <effectWorking>Cook</effectWorking>
    <soundWorking>Recipe_CookMeal</soundWorking>
    <ingredients>
      <li>
        <filter>
          <thingDefs>
            <li>Mizu_SeaWater</li>
            <li>Mizu_SeaIce</li>
          </thingDefs>
        </filter>
        <count>5</count>
      </li>
    </ingredients>
    <fixedIngredientFilter>
      <thingDefs>
        <li>Mizu_SeaWater</li>
        <li>Mizu_SeaIce</li>
      </thingDefs>
    </fixedIngredientFilter>
    <products>
      <Mizu_NormalWater>5</Mizu_NormalWater>
    </products>
  </RecipeDef>
  
  <RecipeDef>
    <defName>Mizu_BottleSnowMulti</defName>
    <label>bottle snow x5</label>
    <description>bottle snow x5 for preservation.</description>
    <jobString>Bottling snow.</jobString>
    <workAmount>1000</workAmount>
    <workSpeedStat>Mizu_DrawingSpeed</workSpeedStat>
    <requiredGiverWorkType>Mizu_Drawing</requiredGiverWorkType>
    <effectWorking>Cook</effectWorking>
    <soundWorking>Recipe_CookMeal</soundWorking>
    <ingredients>
      <li>
        <filter>
          <thingDefs>
            <li>Mizu_Snowball</li>
          </thingDefs>
        </filter>
        <count>5</count>
      </li>
    </ingredients>
    <fixedIngredientFilter>
      <thingDefs>
        <li>Mizu_Snowball</li>
      </thingDefs>
    </fixedIngredientFilter>
    <products>
      <Mizu_RawSnow>5</Mizu_RawSnow>
    </products>
  </RecipeDef>
  
  
  
  <!-- 普通のアイテム作成レシピ  Make Item -->

  <RecipeDef>
    <defName>Mizu_MakeShavedIce</defName>
    <label>make shaved ice</label>
    <description>make shaved ice</description>
    <jobString>Making shaved ice.</jobString>
    <workAmount>500</workAmount>
    <workSpeedStat>CookSpeed</workSpeedStat>
    <requiredGiverWorkType>Cooking</requiredGiverWorkType>
    <effectWorking>Cook</effectWorking>
    <soundWorking>Recipe_CookMeal</soundWorking>
    <ingredients>
      <li>
        <filter>
          <categories>
            <li>Mizu_Waters</li>
          </categories>
        </filter>
        <count>1</count>
      </li>
      <li>
        <filter>
          <categories>
            <li>Mizu_Ices</li>
          </categories>
        </filter>
        <count>1</count>
      </li>
      <li>
        <filter>
          <thingDefs>
            <li>RawBerries</li>
          </thingDefs>
        </filter>
        <count>1</count>
      </li>
    </ingredients>
    <fixedIngredientFilter>
      <categories>
        <li>Mizu_H2O</li>
      </categories>
    </fixedIngredientFilter>
    <defaultIngredientFilter>
      <categories>
        <li>Mizu_Waters</li>
        <li>Mizu_Ices</li>
      </categories>
      <disallowedThingDefs>
        <li>Mizu_RawWater</li>
        <li>Mizu_MudWater</li>
        <li>Mizu_SeaWater</li>
        <li>Mizu_RawIce</li>
        <li>Mizu_MudIce</li>
        <li>Mizu_SeaIce</li>
      </disallowedThingDefs>
    </defaultIngredientFilter>
    <products>
      <Mizu_ShavedIce>1</Mizu_ShavedIce>
    </products>
  </RecipeDef>

</Defs>
