<?xml version="1.0" encoding="utf-8" ?>
<Patch>

  <!-- 種族ごとの設定 -->

  <!-- アルファビーバー -->
  <Operation Class="PatchOperationSequence">
    <success>Always</success>
    <operations>
      <li Class="PatchOperationTest">
        <xpath>*/ThingDef[defName = "Alphabeaver"]/modExtensions</xpath>
        <success>Invert</success>
      </li>
      <li Class="PatchOperationAdd">
        <xpath>*/ThingDef[defName = "Alphabeaver"]</xpath>
        <value>
          <modExtensions/>
        </value>
      </li>
    </operations>
  </Operation>
  <Operation Class="PatchOperationAdd">
    <xpath>*/ThingDef[defName = "Alphabeaver"]/modExtensions</xpath>
    <value>
      <li Class="MizuMod.DefExtension_RaceThirstRate">
        <baseThirstRate>0.6</baseThirstRate>
      </li>
    </value>
  </Operation>

</Patch>
