<?xml version="1.0" encoding="utf-8" ?>
<Patch>

  <!-- シナリオに水を加える -->
  <Operation Class="PatchOperationAdd">
    <xpath>*/ScenarioDef[defName = "Crashlanded"]/scenario/parts</xpath>
    <value>
      <li Class="ScenPart_StartingThing_Defined">
        <def>StartingThing_Defined</def>
        <thingDef>Mizu_NormalWater</thingDef>
        <count>60</count>
      </li>
    </value>
  </Operation>
  
  <Operation Class="PatchOperationAdd">
    <xpath>*/ScenarioDef[defName = "LostTribe"]/scenario/parts</xpath>
    <value>
      <li Class="ScenPart_StartingThing_Defined">
        <def>StartingThing_Defined</def>
        <thingDef>Mizu_RawWater</thingDef>
        <count>15</count>
      </li>
    </value>
  </Operation>
  <Operation Class="PatchOperationAdd">
    <xpath>*/ScenarioDef[defName = "LostTribe"]/scenario/parts</xpath>
    <value>
      <li Class="ScenPart_StartingThing_Defined">
        <def>StartingThing_Defined</def>
        <thingDef>Mizu_MudWater</thingDef>
        <count>15</count>
      </li>
    </value>
  </Operation>
  
  <Operation Class="PatchOperationAdd">
    <xpath>*/ScenarioDef[defName = "TheRichExplorer"]/scenario/parts</xpath>
    <value>
      <li Class="ScenPart_StartingThing_Defined">
        <def>StartingThing_Defined</def>
        <thingDef>Mizu_ClearWater</thingDef>
        <count>30</count>
      </li>
    </value>
  </Operation>

</Patch>
